﻿Designator,Footprint,Quantity,Value,LCSC Part #
"C1, C2, C3, C4, C5, C6, C7, C8",1206,8,C_Small,
"D1, D10, D11, D12, D13, D14, D15, D16, D17, D18, D19, D2, D20, D21, D22, D3, D4, D5, D6, D7, D8, D9",D_SOD-128-Reversible,22,1N4148W,
"D23, D24, D25, D26, D27, D28, D29, D30, D31, D32, D33, D34, D35, D36, D37, D38, D39, D40, D41, D42, D43, D44",SK6812-MINI-E,22,SK6812MINI,
J1,RJ12 6P6C,1,6P6C,
"SW1, SW10, SW11, SW12, SW13, SW14, SW15, SW16, SW17, SW18, SW19, SW2, SW20, SW21, SW22, SW3, SW4, SW5, SW6, SW7, SW8, SW9",SW_Hotswap_Kailh_Choc_V1_1.00u,22,SW_Push_45deg,
U1,RP2040_ProMicro,1,~,
